id,name
u000,바별님
u001,카솔
u002,하린이
u003,차솔_3
u004,라솔
u005,사늘
u006,라윤_6
u007,사솔_7
u008,나온_8
u009,가하
u010,라솔_10
u011,하별이
u012,사별_12
u013,나솜_13
u014,하결
u015,차빛이
u016,나윤_16
u017,가빛님
u018,카늘이
u019,아봄이
u020,마온
u021,타온
u022,차솜_22
u023,아율님
u024,마윤
u025,자늘
u026,파율
u027,아늘
u028,카윤_28
u029,차율이
u030,타슬_30
u031,아봄
u032,하윤이
u033,아윤
u034,타솜_34
u035,카봄이
u036,타하이
u037,가봄이
u038,다린님
u039,가빛이
u040,다온님
u041,사찬
u042,다봄님
u043,자담
u044,하늘_44
u045,마늘이
u046,카하
u047,다윤
u048,다온
u049,가찬_49
u050,다담이
u051,가별님
u052,자슬_52
u053,차율
u054,타새_54
u055,카솔님
u056,하하님
u057,사하
u058,아하
u059,라윤
u060,아결
u061,바솔
u062,가별_62
u063,나슬_63
u064,가윤
u065,차하
u066,카담이
u067,차슬님
u068,나린님
u069,아찬님
u070,타율이
u071,아결_71
u072,가빛_72
u073,바별_73
u074,가새이
u075,카윤이
u076,자슬
u077,바온_77
u078,자새이
u079,카온_79
u080,파빛
u081,하하
u082,라새님
u083,바람
u084,파담님
u085,마빛_85
u086,바봄이
u087,바윤
u088,나온님
u089,라율
u090,아람님
u091,카슬
u092,하린님
u093,파빛님
u094,다늘이
u095,나하님
u096,사윤
u097,다별
u098,다봄
u099,차찬이
u100,파린_18
u101,타별님
u102,하빛
u103,가담
u104,마새
u105,파율이
u106,타슬님
u107,카새님
u108,하새
u109,자별_12
u110,자람님
u111,파결_14
u112,가별
u113,다찬_16
u114,타린_17
u115,가율_18
u116,자찬
u117,자솔
u118,라담
u119,파린_22
u120,아람
u121,아율_24
u122,자새
u123,타담님
u124,자찬_27
u125,라새이
u126,자빛님
u127,다늘
u128,사봄이
u129,라솜
u130,파별이
u131,다담
u132,아온
u133,하온
u134,타늘_37
u135,사율님
u136,라슬이
u137,나슬
u138,바봄님
u139,타람님
u140,바새_43
u141,파온
u142,나담이
u143,가결이
u144,파별님
u145,하담님
u146,다새_49
u147,아율
u148,마솔
u149,사윤이
u150,가윤이
u151,나온
u152,마린님
u153,가율_56
u154,사담_57
u155,다솔_58
u156,라솜이
u157,자빛이
u158,아새
u159,마슬
u160,타새_82
u161,아린님
u162,카찬_65
u163,하하_66
u164,마빛
u165,바빛
u166,사슬
u167,하별
u168,나담님
u169,다솔
u170,카하_73
u171,카솜_74
u172,다결이
u173,아람이
u174,바율_77
u175,바온
u176,마빛이
u177,다람이
u178,사윤님
u179,자람
u180,차솔님
u181,가솜이
u182,카온
u183,차새
u184,카하이
u185,타찬
u186,마별
u187,하새님
u188,타새
u189,자새_92
u190,하람_93
u191,가별이
u192,가람_85
u193,카온님
u194,마람님
u195,파윤_1
u196,자윤_2
u197,나찬이
u198,파윤이
u199,라빛
u200,타봄님
u201,카솜
u202,차빛
u203,차별이
u204,마솜_10
u205,차별
u206,아솔님
u207,마린
u208,카찬이
u209,타새이
u210,아봄님
u211,파린_17
u212,나새님
u213,마하
u214,라윤_20
u215,나별_21
u216,하새이
u217,가찬님
u218,사솜
u219,사슬님
u220,바린이
u221,가율이
u222,라람이
u223,사담
u224,마늘_92
u225,바빛이
u226,파늘
u227,파하_33
u228,자빛
u229,가늘님
u230,사율이
u231,마담이
u232,사온이
u233,카결
u234,라봄이
u235,파봄님
u236,다빛
u237,나결이
u238,자윤이
u239,하늘님
u240,사새
u241,사담이
u242,파솔님
u243,마온님
u244,사봄님
u245,마람
u246,차찬
u247,나하_53
u248,하봄님
u249,라린
u250,다별_56
u251,카린님
u252,나솔
u253,파별
u254,차솔이
u255,다담_61
u256,카늘
u257,나윤이
u258,라람
u259,자솜님
u260,마율
u261,라람님
u262,타솜
u263,라늘이
u264,라찬
u265,타율님
u266,바하
u267,가솜_73
u268,나빛님
u269,아온이
u270,파솜
u271,차찬_77
u272,카솔_21
u273,다하
u274,라람_80
u275,가결님
u276,다율
u277,다새님
u278,가솜님
u279,하슬이
u280,나담
u281,바늘
u282,파솜님
u283,나솔님
u284,라슬_90
u285,아빛이
u286,바찬
u287,가봄
u288,파솔이
u289,라윤_95
u290,바슬이
u291,바솔이
u292,라린님
u293,마늘님
u294,다찬
u295,가솜
u296,차온이
u297,하율님
u298,바윤_7
u299,라하
u300,라늘
u301,자율
u302,사린
u303,사찬님
u304,아온_52
u305,타담
u306,라별이
u307,자온
u308,카봄
u309,나람님
u310,하온님
u311,자결님
u312,차담
u313,바율
u314,바늘이
u315,다솜
u316,라솔님
u317,나하_56
u318,카솜님
u319,가솜_28
u320,바늘님
u321,가슬
u322,가늘
u323,자별님
u324,나슬_33
u325,다별이
u326,마결_35
u327,하솔님
u328,바솔_37
u329,타결
u330,차하_39
u331,하빛님
u332,나별
u333,타빛
u334,자솔이
u335,나하_44
u336,아솜님
u337,카슬님
u338,자봄
u339,가람_48
u340,파봄
u341,파찬님
u342,나윤
u343,파봄_49
u344,다윤이
u345,파새
u346,가새님
u347,카별
u348,하윤_57
u349,타린
u350,다찬이
u351,파결
u352,나슬_61
u353,파담
u354,바담님
u355,다담_64
u356,아빛_65
u357,사결이
u358,카율님
u359,하봄_88
u360,자린이
u361,자하이
u362,마하이
u363,파윤님
u364,라결_73
u365,타솔이
u366,카율
u367,타솔
u368,다솜_77
u369,카늘님
u370,아온_21
u371,가슬이
u372,나새이
u373,자온님
u374,차솜_83
u375,다빛이
u376,가온
u377,아린
u378,카별이
u379,카슬_49
u380,카봄_89
u381,가솔
u382,라결
u383,파린
u384,라새_32
u385,차결_54
u386,마윤이
u387,사봄
u388,타봄
u389,라린이
u390,카늘_81
u391,마솜
u392,나새
u393,바빛님
u394,바온님
u395,하찬님
u396,마빛님
u397,차윤_9
u398,나린_38
u399,다슬
u400,타람
u401,차슬
u402,하윤님
u403,파빛이
u404,바율님
u405,마람이
u406,파슬이
u407,파새님
u408,하솜_20
u409,아솔_86
u410,하솜
u411,사람_23
u412,타결님
u413,차슬_25
u414,마결이
u415,다린
u416,아린이
u417,바린님
u418,카람이
u419,바새
